{
  "color": {
    "boxColor": "#F8F3EA",
    "lineColor": "#BEA07C",
    "fontColor": "#BEA07C",
    "dateColor": "#FFFFFF",
    "printColor": "#8B7F71"
  },
  "size": {
    "bulletin": {
      "print": {
        "width": 1409.0,
        "height": 996.0,
        "fontSize": 50,
        "fontOption" : "Nanum Gothic",
        "innerRectangle": {
          "width": 584,
          "height": 860
        }
      },
      "presentation": {
        "width": 1409.0,
        "height": 996.0,
        "fontSize": 100,
        "fontOption" : "Nanum Gothic",
        "innerRectangle": {
          "width": 1278,
          "height": 640
        }
      }
    },
    "lyrics": {
      "presentation": {
        "width": 1409.0,
        "height": 792.0,
        "fontSize": 130,
        "fontOption" : "Nanum Gothic",
        "innerRectangle": {
          "width": 1278,
          "height": 640
        }
      }
    }
  },
  "outputPath": {
    "bulletin": "output/bulletin",
    "lyrics": "output/lyrics"
  }
}